Exit Trade Id,Column,Size,Entry Timestamp,Avg Entry Price,Entry Fees,Exit Timestamp,Avg Exit Price,Exit Fees,PnL,Return,Direction,Status,Position Id
0,Close,0.004807635820253575,2025-06-17 02:53:27.008126+00:00,13196.788947375597,0.012689071051145879,2025-06-17 04:53:27.008126+00:00,12244.539554040624,0.01177345739250349,-4.6025308216555985,-0.07254322720873992,Long,Closed,0
1,Close,0.004807635820253575,2025-06-17 02:53:27.008126+00:00,13672.550662186859,0.013146528863552255,2025-06-17 17:33:27.008126+00:00,14551.716033776822,0.01399187025002875,4.1995685332688755,0.06388862911048493,Long,Closed,0
2,Close,0.004807635820253575,2025-06-17 02:53:27.008126+00:00,14173.017547989815,0.013627741368959667,2025-06-17 18:53:27.008126+00:00,14401.923724242448,0.013847840875445553,1.073021950185024,0.01574761247860309,Long,Closed,0
3,Close,0.004807635820253575,2025-06-17 02:53:27.008126+00:00,14173.017547989815,0.013627741368959667,2025-06-17 19:03:27.008126+00:00,13987.234685465894,0.013449106100027816,-0.9202531921282401,-0.013505586394886089,Long,Closed,0
4,Close,0.004807635820253575,2025-06-17 02:53:27.008126+00:00,14716.56374252475,0.0141503757999214,2025-06-18 01:48:27.008126+00:00,16234.199163426296,0.015609623482243777,7.2664784123297155,0.10270368101983664,Long,Closed,0
5,Close,0.004807635820253575,2025-06-17 02:53:27.008126+00:00,15012.824371899977,0.014435238442704442,2025-06-18 07:18:27.008126+00:00,17076.663070610524,0.016419675413733716,9.891329941289918,0.1370442196788095,Long,Closed,0
6,Close,0.004807635820253575,2025-06-17 02:53:27.008126+00:00,15367.06083858826,0.014775846427922573,2025-06-18 09:38:27.008126+00:00,19769.939915799227,0.019009334260691464,21.133653983155835,0.2860567627884739,Long,Closed,0
7,Close,0.004807635820253575,2025-06-17 02:53:27.008126+00:00,15367.06083858826,0.014775846427922573,2025-06-18 09:48:27.008126+00:00,18912.446504480187,0.018184831052713693,17.01196244647496,0.2302671800151726,Long,Closed,0
8,Close,0.004807635820253575,2025-06-17 02:53:27.008126+00:00,15367.06083858826,0.014775846427922575,2025-06-18 11:08:27.008126+00:00,16946.454764390728,0.016294476590318345,7.562080488960618,0.10235732383723505,Long,Closed,0
9,Close,0.004807635820253575,2025-06-17 02:53:27.008126+00:00,15367.06083858826,0.014775846427922573,2025-06-18 12:13:27.008126+00:00,16204.65611274545,0.015581217036505217,3.996495979448789,0.054094985338998015,Long,Closed,0
10,Close,0.004807635820253575,2025-06-17 02:53:27.008126+00:00,15966.160026643762,0.015351896571198665,2025-06-18 13:38:27.008126+00:00,16917.341504477932,0.016266483400078125,4.541315764426018,0.059162928089886616,Long,Closed,0
11,Close,0.004807635820253575,2025-06-17 02:53:27.008126+00:00,15966.160026643762,0.015351896571198665,2025-06-18 15:13:27.008126+00:00,16780.209324908403,0.01613462708435654,3.882166042133822,0.05057571908629274,Long,Closed,0
12,Close,0.004807635820253575,2025-06-17 02:53:27.008126+00:00,15966.160026643762,0.015351896571198665,2025-06-18 15:18:27.008126+00:00,16632.417824220694,0.01599252154182949,3.1717804350410943,0.04132102402242076,Long,Closed,0
13,Close,0.004807635820253575,2025-06-17 02:53:27.008126+00:00,15966.160026643762,0.015351896571198665,2025-06-18 16:43:27.008126+00:00,15151.790550366051,0.014568858198183893,-3.9451126198432473,-0.05139576861460337,Long,Closed,0
14,Close,0.004807635820253575,2025-06-17 02:53:27.008126+00:00,15966.160026643762,0.015351896571198665,2025-06-18 16:48:27.008126+00:00,14621.117760256182,0.01405860189527067,-6.495883878106448,-0.08462646745931346,Long,Closed,0
15,Close,0.004807635820253575,2025-06-17 02:53:27.008126+00:00,15966.160026643762,0.015351896571198665,2025-06-18 17:13:27.008126+00:00,14197.669611096711,0.01365144499728684,-8.531261211127616,-0.11114276560634098,Long,Closed,0
16,Close,0.004807635820253575,2025-06-17 02:53:27.008126+00:00,15966.160026643762,0.015351896571198665,2025-06-18 17:23:27.008126+00:00,13845.620908395758,0.01331294060657106,-10.223444660315804,-0.1331880346236278,Long,Closed,0
17,Close,0.004807635820253575,2025-06-17 02:53:27.008126+00:00,15216.493092737708,0.014631071450257382,2025-06-18 20:28:27.008126+00:00,12853.803974144124,0.012359281682522611,-11.38593919180664,-0.15564053843242415,Long,Closed,0
18,Close,0.004807635820253575,2025-06-17 02:53:27.008126+00:00,14869.288923134263,0.014297225209711998,2025-06-19 02:18:27.008126+00:00,14824.090479825267,0.014253765678697594,-0.2458486459604403,-0.003439109930134375,Long,Closed,0
19,Close,0.004807635820253575,2025-06-17 02:53:27.008126+00:00,14869.288923134263,0.014297225209711998,2025-06-19 02:48:27.008126+00:00,13895.056400049178,0.013360474174664023,-4.711412874624258,-0.06590667497387996,Long,Closed,0
20,Close,0.004807635820253575,2025-06-17 02:53:27.008126+00:00,14928.585175363063,0.014354240166956394,2025-06-19 05:08:27.008126+00:00,13687.365457890963,0.013160773692051615,-5.9948473883829,-0.08352719919209796,Long,Closed,0
21,Close,0.004807635820253575,2025-06-17 02:53:27.008126+00:00,14928.585175363063,0.014354240166956394,2025-06-19 07:18:27.008126+00:00,14167.386844656934,0.013622327294752391,-3.687540928481726,-0.05137911704961552,Long,Closed,0
22,Close,0.004807635820253575,2025-06-17 02:53:27.008126+00:00,14928.585175363063,0.014354240166956396,2025-06-19 07:38:27.008126+00:00,13447.239136692131,0.012929885711415373,-7.149056403583477,-0.09960898411105977,Long,Closed,0
23,Close,0.004807635820253575,2025-06-17 02:53:27.008126+00:00,14928.585175363063,0.014354240166956396,2025-06-19 07:43:27.008126+00:00,13757.882102329844,0.013228577361197305,-5.655896846323597,-0.07880454528472401,Long,Closed,0
24,Close,0.004807635820253575,2025-06-17 02:53:27.008126+00:00,14928.585175363063,0.014354240166956394,2025-06-19 07:48:27.008126+00:00,13302.826890569908,0.012791029413947276,-7.843199034626492,-0.1092805880826993,Long,Closed,0
25,Close,0.004807635820253575,2025-06-17 02:53:27.008126+00:00,14928.585175363063,0.014354240166956394,2025-06-19 07:58:27.008126+00:00,13250.431744134901,0.012740650057385602,-8.095045438078294,-0.11278960563462177,Long,Closed,0
26,Close,0.004807635820253577,2025-06-17 02:53:27.008126+00:00,14928.585175363063,0.0143542401669564,2025-06-19 09:08:27.008126+00:00,13157.32968651455,0.012651129899954618,-8.54255670507579,-0.11902485406006845,Long,Closed,0
27,Close,0.004807635820253575,2025-06-19 09:53:27.008126+00:00,12784.488302459693,0.01229263278130361,2025-06-19 10:33:27.008126+00:00,14065.920486844907,0.013524764635478838,-6.18647666829292,-0.10065340400800384,Short,Closed,1
28,Close,0.004807635820253575,2025-06-19 09:53:27.008126+00:00,12784.488302459693,0.01229263278130361,2025-06-19 10:38:27.008126+00:00,13545.656175824037,0.01302451636794614,-3.6847350823619016,-0.059950299466623176,Short,Closed,1
29,Close,0.004807635820253575,2025-06-19 11:23:27.008126+00:00,12419.08760299358,0.011941290083003812,2025-06-19 12:38:27.008126+00:00,13146.862354526322,0.012641065275912801,-3.523458319903867,-0.05901302615399738,Short,Closed,2
30,Close,0.004807635820253575,2025-06-19 13:23:27.008126+00:00,18021.01473945309,0.017327695195742468,2025-06-20 02:43:27.008126+00:00,25080.48136748371,0.024115564122303413,33.897901373486675,0.3912568981686107,Long,Closed,3
31,Close,0.004807635820253575,2025-06-19 13:23:27.008126+00:00,20168.7716079688,0.019392821766596822,2025-06-20 06:23:27.008126+00:00,24991.719739619366,0.024030217405986487,23.143555157775747,0.23868166723049433,Long,Closed,3
32,Close,0.004807635820253575,2025-06-19 13:23:27.008126+00:00,20168.771607968796,0.019392821766596822,2025-06-20 07:53:27.008126+00:00,23296.873086756736,0.022400576310358633,14.99697932073213,0.15466526224217345,Long,Closed,3
33,Close,0.004807635820253575,2025-06-19 13:23:27.008126+00:00,23766.467567562962,0.02285210415974212,2025-06-20 13:43:27.008126+00:00,31731.324684482977,0.030510530635443373,38.23876974371111,0.3346630093790246,Long,Closed,3
34,Close,0.004807635820253575,2025-06-19 13:23:27.008126+00:00,26018.44979948622,0.025017446248695886,2025-06-20 20:53:27.008126+00:00,41113.3241463235,0.039531577971112224,72.50610958786189,0.579644371908196,Long,Closed,3
35,Close,0.004807635820253575,2025-06-19 13:23:27.008126+00:00,28039.105433797704,0.026960361530278507,2025-06-20 23:18:27.008126+00:00,43817.83184589305,0.04213203558963265,75.78927789965086,0.5622274598546005,Long,Closed,3
36,Close,0.004807635820253575,2025-06-19 13:23:27.008126+00:00,28039.105433797704,0.026960361530278504,2025-06-21 00:28:27.008126+00:00,40464.09559484992,0.038907327083193076,59.66896007595941,0.4426421360036045,Long,Closed,3
37,Close,0.004807635820253575,2025-06-19 13:23:27.008126+00:00,29729.140753202995,0.028585376398091812,2025-06-21 06:33:27.008126+00:00,42763.31749877033,0.04111809139999296,62.59387154170762,0.4379433082846235,Long,Closed,3
38,Close,0.004807635820253575,2025-06-19 13:23:27.008126+00:00,30625.124232806025,0.029446888852270807,2025-06-21 08:28:27.008126+00:00,42884.553477018555,0.041234663086338885,58.86818961840177,0.3998262085596328,Long,Closed,3
39,Close,0.004807635820253575,2025-06-19 13:23:27.008126+00:00,31554.152152283616,0.030340174433010028,2025-06-21 11:28:27.008126+00:00,45429.40451502233,0.043681606487842174,66.63313849323987,0.43924031247983325,Long,Closed,3
40,Close,0.004807635820253575,2025-06-19 13:23:27.008126+00:00,32527.225423788994,0.03127581081617415,2025-06-21 13:28:27.008126+00:00,44682.01832186569,0.04296297436108561,58.36157893938,0.37320585728315353,Long,Closed,3
41,Close,0.004807635820253575,2025-06-19 13:23:27.008126+00:00,32527.225423788994,0.03127581081617415,2025-06-21 13:53:27.008126+00:00,41431.83374722797,0.039837833604392824,42.739000296672764,0.2733038676303188,Long,Closed,3
42,Close,0.004807635820253575,2025-06-19 13:23:27.008126+00:00,32527.22542378899,0.03127581081617415,2025-06-21 14:08:27.008126+00:00,39842.358567996125,0.03830951004297702,35.098910813155236,0.2244476475411086,Long,Closed,3
43,Close,0.004807635820253575,2025-06-19 13:23:27.008126+00:00,32527.22542378899,0.03127581081617415,2025-06-21 15:23:27.008126+00:00,37697.4481790486,0.0362471204395494,24.789025185620513,0.15851883317314977,Long,Closed,3
44,Close,0.004807635820253575,2025-06-19 13:23:27.008126+00:00,39173.44630036332,0.037666332727281336,2025-06-22 00:58:27.008126+00:00,60530.42769658383,0.058201650481873105,102.58072078974976,0.5446812225255561,Long,Closed,3
45,Close,0.004807635820253575,2025-06-19 13:23:27.008126+00:00,39173.44630036332,0.037666332727281336,2025-06-22 01:03:27.008126+00:00,62064.00792903125,0.05967622953362251,109.95214146944502,0.5838218563274564,Long,Closed,3
46,Close,0.004807635820253575,2025-06-19 13:23:27.008126+00:00,44187.300336525506,0.04248728957963659,2025-06-22 05:13:27.008126+00:00,71050.37168130623,0.06831686238747563,129.03705988722814,0.6074148817865443,Long,Closed,3
47,Close,0.004807635820253575,2025-06-19 13:23:27.008126+00:00,44187.30033652551,0.0424872895796366,2025-06-22 07:08:27.008126+00:00,71567.63791239435,0.06881422791971298,131.52339018288257,0.6191187599122323,Long,Closed,3
48,Close,0.004807635820253575,2025-06-19 13:23:27.008126+00:00,44187.300336525506,0.04248728957963659,2025-06-22 08:18:27.008126+00:00,67582.50207092967,0.06498241155571258,112.36814017924465,0.5289494401313882,Long,Closed,3
49,Close,0.004807635820253575,2025-06-19 13:23:27.008126+00:00,44187.300336525506,0.04248728957963659,2025-06-22 09:33:27.008126+00:00,62936.44940377534,0.06051510571063342,90.03607825969394,0.4238259448908065,Long,Closed,3
50,Close,0.004807635820253575,2025-06-19 13:23:27.008126+00:00,44187.3003365255,0.04248728957963659,2025-06-22 09:48:27.008126+00:00,61480.475171791855,0.059115146936423425,83.0376843474182,0.3908824741186444,Long,Closed,3
51,Close,0.004807635820253575,2025-06-19 13:23:27.008126+00:00,60372.70365277346,0.05804999452932552,2025-06-23 01:18:27.008126+00:00,108023.67613265444,0.10386769896216413,228.9266044707016,0.7887222258222718,Long,Closed,3
52,Close,0.004807635820253575,2025-06-19 13:23:27.008126+00:00,60372.70365277346,0.05804999452932553,2025-06-23 03:18:27.008126+00:00,97011.914660858,0.09327959118298479,175.99665368258405,0.606362343733468,Long,Closed,3
53,Close,0.004807635820253575,2025-06-19 13:23:27.008126+00:00,60372.70365277346,0.05804999452932552,2025-06-23 03:28:27.008126+00:00,94562.37109459937,0.09092428850450145,164.22249559284583,0.5657967650966252,Long,Closed,3
54,Close,0.004807635820253575,2025-06-19 13:23:27.008126+00:00,60372.70365277346,0.058049994529325515,2025-06-23 03:38:27.008126+00:00,92132.58929894755,0.0885879873052663,152.54332589786938,0.5255584505552642,Long,Closed,3
55,Close,0.004807635820253575,2025-06-19 13:23:27.008126+00:00,61664.97156635257,0.05929254523146297,2025-06-23 06:33:27.008126+00:00,85282.71833016457,0.08200165029853908,113.40423113985055,0.38252441583389407,Long,Closed,3
56,Close,0.004807635820253575,2025-06-19 13:23:27.008126+00:00,61664.97156635257,0.05929254523146297,2025-06-23 06:43:27.008126+00:00,84126.92569351914,0.08089032428239469,107.8487123851448,0.3637850659442294,Long,Closed,3
57,Close,0.004807635820253575,2025-06-19 13:23:27.008126+00:00,67854.6623986063,0.06524410110375062,2025-06-23 12:58:27.008126+00:00,87404.44862411005,0.08404175161095696,93.83896668331708,0.2876550219738491,Long,Closed,3
58,Close,0.004807635820253575,2025-06-19 13:23:27.008126+00:00,67854.6623986063,0.06524410110375062,2025-06-23 15:58:27.008126+00:00,90605.3500812986,0.08711950531149328,109.2246574322981,0.33481849112645445,Long,Closed,3
59,Close,0.004807635820253575,2025-06-19 13:23:27.008126+00:00,71128.18904750826,0.06839168589891376,2025-06-23 18:08:27.008126+00:00,97433.16592207583,0.09368463571353636,126.30267275150057,0.36935095572342547,Long,Closed,3
60,Close,0.004807635820253575,2025-06-19 13:23:27.008126+00:00,71128.18904750826,0.06839168589891376,2025-06-23 18:13:27.008126+00:00,98982.85848051682,0.09517470720440462,133.75154013435102,0.39113391745318965,Long,Closed,3
61,Close,0.004807635820253575,2025-06-19 13:23:27.008126+00:00,71128.18904750826,0.06839168589891376,2025-06-23 20:03:27.008126+00:00,103149.21901382857,0.09918077603241268,153.7778782055633,0.4496975800036703,Long,Closed,3
62,Close,0.004807635820253575,2025-06-19 13:23:27.008126+00:00,71128.18904750826,0.06839168589891376,2025-06-23 21:03:27.008126+00:00,93647.74802920918,0.09004485358226144,108.10740187725729,0.31614194168877574,Long,Closed,3
63,Close,0.004807635820253575,2025-06-19 13:23:27.008126+00:00,71128.18904750826,0.06839168589891376,2025-06-23 21:38:27.008126+00:00,88508.09312335428,0.08510293577643543,83.40275476593308,0.24389735000598298,Long,Closed,3
64,Close,0.004807635820253575,2025-06-19 13:23:27.008126+00:00,73423.91146440373,0.07059908536387892,2025-06-24 01:08:27.008126+00:00,88728.8213779917,0.08531517198914283,73.42451886896656,0.20800416461636836,Long,Closed,3
65,Close,0.004807635820253575,2025-06-19 13:23:27.008126+00:00,75260.17190623081,0.0723646996589674,2025-06-24 02:48:27.008126+00:00,88802.8291019659,0.08538633242609359,64.95041280354576,0.17950855350643916,Long,Closed,3
66,Close,0.004807635820253575,2025-06-19 13:23:27.008126+00:00,75260.17190623083,0.07236469965896741,2025-06-24 02:53:27.008126+00:00,87740.85603153969,0.08436521647138844,59.84585414597467,0.16540068411258466,Long,Closed,3
67,Close,0.004807635820253575,2025-06-19 13:23:27.008126+00:00,75260.17190623083,0.0723646996589674,2025-06-24 05:23:27.008126+00:00,85869.66838655018,0.08256601872169494,50.85166459525694,0.14054273654117325,Long,Closed,3
68,Close,0.004807635820253575,2025-06-19 13:23:27.008126+00:00,76554.81446235035,0.07360953364441238,2025-06-24 08:03:27.008126+00:00,85008.51413660975,0.0817379955179395,40.48696183847315,0.11000466878123323,Long,Closed,3
69,Close,0.004807635820253575,2025-06-19 13:23:27.008126+00:00,78281.45197234458,0.07526974251274073,2025-06-24 17:08:27.008126+00:00,86090.27264425892,0.08277813570798713,37.38391809801122,0.09933318980514202,Long,Closed,3
70,Close,0.004807635820253575,2025-06-19 13:23:27.008126+00:00,78281.45197234458,0.07526974251274073,2025-06-24 18:28:27.008126+00:00,85519.90204789418,0.08222970888600664,34.6423324149307,0.09204849454365244,Long,Closed,3
71,Close,0.004807635820253575,2025-06-19 13:23:27.008126+00:00,78281.45197234458,0.07526974251274073,2025-06-24 18:43:27.008126+00:00,82180.97816034402,0.07901924286942935,18.59321279806083,0.04940421523273737,Long,Closed,3
72,Close,0.004807635820253575,2025-06-19 13:23:27.008126+00:00,79365.51773973957,0.07631210119570848,2025-06-25 00:38:27.008126+00:00,110674.75520332134,0.10641678350265671,150.3406826500426,0.39401531420156244,Long,Closed,3
73,Close,0.004807635820253575,2025-06-19 13:23:27.008126+00:00,79365.51773973957,0.07631210119570848,2025-06-25 01:43:27.008126+00:00,106993.80757617524,0.10287745236970769,132.64756631643044,0.34764490621545097,Long,Closed,3
74,Close,0.004807635820253575,2025-06-19 13:23:27.008126+00:00,80053.7258535278,0.07697383199163596,2025-06-25 08:13:27.008126+00:00,91310.40947515392,0.0877974390709543,53.95326412552896,0.14018598978258365,Long,Closed,3
75,Close,0.004807635820253575,2025-06-19 13:23:27.008126+00:00,80053.7258535278,0.07697383199163595,2025-06-25 09:08:27.008126+00:00,91162.74698915653,0.08765545757955655,53.24349865003157,0.1383418163612201,Long,Closed,3
76,Close,0.004807635820253575,2025-06-19 13:23:27.008126+00:00,80053.7258535278,0.07697383199163596,2025-06-25 09:13:27.008126+00:00,89700.11654759054,0.08624909867902336,46.21311050626621,0.12007486001551215,Long,Closed,3
77,Close,0.004807635820253575,2025-06-19 13:23:27.008126+00:00,82219.41645462943,0.07905620233352449,2025-06-25 12:43:27.008126+00:00,103958.5926308503,0.09995901075104505,104.33502687451798,0.26395152763434404,Long,Closed,3
78,Close,0.004807635820253575,2025-06-19 13:23:27.008126+00:00,83368.52662441868,0.08016110297626379,2025-06-25 14:53:27.008126+00:00,101069.39643702941,0.09718097012841434,84.92199368764784,0.21187830639704083,Long,Closed,3
79,Close,0.004807635820253575,2025-06-19 13:23:27.008126+00:00,83368.5266244187,0.0801611029762638,2025-06-25 16:48:27.008126+00:00,109050.12593113355,0.10485465832593618,123.2827609870595,0.3075874867229914,Long,Closed,3
80,Close,0.004807635820253575,2025-06-19 13:23:27.008126+00:00,86093.98425144657,0.08278170451912031,2025-06-25 18:08:27.008126+00:00,109054.36373090479,0.10485873308553205,110.19750239445388,0.26623636958091684,Long,Closed,3
81,Close,0.004807635820253575,2025-06-19 13:23:27.008126+00:00,88243.63203482734,0.08484864925598233,2025-06-25 21:23:27.008126+00:00,113158.59850002933,0.1088050663036867,119.58843152296201,0.28188647096118685,Long,Closed,3
82,Close,0.004807635820253575,2025-06-19 13:23:27.008126+00:00,88243.63203482734,0.08484864925598233,2025-06-25 22:13:27.008126+00:00,100438.23722758009,0.09657409340368804,58.445797995868695,0.13776482833460757,Long,Closed,3
83,Close,0.004807635820253575,2025-06-19 13:23:27.008126+00:00,92298.29599166902,0.08874731879158299,2025-06-26 03:53:27.008126+00:00,115192.09701686108,0.11076033036567727,109.86555022131407,0.24759181847358294,Long,Closed,3
84,Close,0.004807635820253575,2025-06-19 13:23:27.008126+00:00,101982.84548019418,0.09805927619639337,2025-06-26 12:03:27.008126+00:00,164648.65775866434,0.15831415695944528,301.01803038210363,0.6139511570108347,Long,Closed,3
85,Close,0.004807635820253575,2025-06-19 13:23:27.008126+00:00,101982.84548019418,0.09805927619639336,2025-06-26 13:13:27.008126+00:00,147486.1730054078,0.1418119616665829,218.52355611308442,0.44569685722628594,Long,Closed,3
86,Close,0.004807635820253575,2025-06-19 13:23:27.008126+00:00,104956.83372274366,0.10091884667717214,2025-06-26 17:13:27.008126+00:00,145414.75906250122,0.13982024089248482,194.26623198899364,0.38499495066650746,Long,Closed,3
87,Close,0.004807635820253575,2025-06-19 13:23:27.008126+00:00,104956.83372274364,0.10091884667717212,2025-06-26 18:28:27.008126+00:00,147908.02189829387,0.14221758083621755,206.2505343677136,0.4087453258903869,Long,Closed,3
88,Close,0.004807635820253575,2025-06-19 13:23:27.008126+00:00,104956.83372274366,0.10091884667717214,2025-06-26 20:58:27.008126+00:00,129916.19355685549,0.12491794915498704,119.76967559324218,0.23735839149325924,Long,Closed,3
89,Close,0.004807635820253575,2025-06-19 13:23:27.008126+00:00,104956.83372274366,0.10091884667717214,2025-06-26 23:23:27.008126+00:00,120643.53511159538,0.11600203617690519,75.19902661581096,0.1490287079010406,Long,Closed,3
90,Close,0.004807635820253575,2025-06-19 13:23:27.008126+00:00,107737.4642122854,0.10359249842605414,2025-06-27 02:33:27.008126+00:00,131732.5396206251,0.1266644152346181,115.12932712915895,0.22227348288416834,Long,Closed,3
91,Close,0.004807635820253575,2025-06-19 13:23:27.008126+00:00,107737.4642122854,0.10359249842605416,2025-06-27 04:28:27.008126+00:00,126794.1497475653,0.12191601922499816,91.39209547706879,0.17644539298819167,Long,Closed,3
92,Close,0.004807635820253575,2025-06-19 13:23:27.008126+00:00,109751.127465397,0.1055286903431717,2025-06-27 08:18:27.008126+00:00,125050.43424134362,0.12023938939938958,73.32772720134666,0.13897211642234952,Long,Closed,3
93,Close,0.004807635820253575,2025-06-19 13:23:27.008126+00:00,109759.55184969341,0.10553679061751312,2025-06-27 14:28:27.008126+00:00,104892.21906568258,0.10085671792921212,-23.60675695005169,-0.04473654507006452,Long,Closed,3
94,Close,0.004807635820253575,2025-06-19 13:23:27.008126+00:00,109992.98467711735,0.1057612426220624,2025-06-27 19:38:27.008126+00:00,98509.83505823903,0.09471988233465228,-55.40728256200733,-0.10477804758782033,Long,Closed,3
95,Close,0.004807635820253575,2025-06-19 13:23:27.008126+00:00,107587.15556477617,0.10344797257848234,2025-06-28 07:13:27.008126+00:00,102095.65240328663,0.09816774311723976,-26.602763021908586,-0.05143215929481074,Long,Closed,3
96,Close,0.004807635820253575,2025-06-19 13:23:27.008126+00:00,107587.15556477617,0.10344797257848236,2025-06-28 07:33:27.008126+00:00,100525.5480430217,0.09665804512445057,-34.14974328786179,-0.06602303058564744,Long,Closed,3
97,Close,0.004807635820253575,2025-06-19 13:23:27.008126+00:00,109153.36952497004,0.1049539298459242,2025-06-28 12:58:27.008126+00:00,115770.08015248344,0.11131607685094139,31.59446501838907,0.060206349709383496,Long,Closed,3
98,Close,0.004807635820253575,2025-06-19 13:23:27.008126+00:00,109580.34930622664,0.10536448250410287,2025-06-28 18:18:27.008126+00:00,116673.65779799363,0.11218489130192841,33.88449461532185,0.06431862770075752,Long,Closed,3
99,Close,0.004807635820253575,2025-06-19 13:23:27.008126+00:00,110772.74848543755,0.10651100670530596,2025-06-28 20:33:27.008126+00:00,130901.39546689246,0.12586524755356224,96.5388279870227,0.1812748390485611,Long,Closed,3
100,Close,0.004807635820253575,2025-06-19 13:23:27.008126+00:00,111443.76307035862,0.10715620545618176,2025-06-28 22:33:27.008126+00:00,124093.50416704496,0.11931927513885433,60.588872932767885,0.11308514084617126,Long,Closed,3
101,Close,0.004807635820253575,2025-06-19 13:23:27.008126+00:00,111443.76307035862,0.10715620545618176,2025-06-28 22:43:27.008126+00:00,122145.63505598693,0.11744634607655671,51.226100550342125,0.09561014284196444,Long,Closed,3
102,Close,0.004807635820253575,2025-06-19 13:23:27.008126+00:00,111443.76307035862,0.10715620545618175,2025-06-28 23:03:27.008126+00:00,120625.27096583515,0.11598447470462855,43.91820556207321,0.08197043815634592,Long,Closed,3
103,Close,0.004807635820253575,2025-06-19 13:23:27.008126+00:00,111443.76307035862,0.10715620545618175,2025-06-28 23:18:27.008126+00:00,117588.01792776205,0.11306407340442567,29.319119462359083,0.05472220547105551,Long,Closed,3
104,Close,0.004807635820253575,2025-06-19 13:23:27.008126+00:00,111443.76307035862,0.10715620545618175,2025-06-29 02:23:27.008126+00:00,113485.97874717297,0.10911985130428896,9.601953183775613,0.017921413217085295,Long,Closed,3
105,Close,0.004807635820253575,2025-06-19 13:23:27.008126+00:00,111795.68813322506,0.10749459096383808,2025-06-29 05:48:27.008126+00:00,121606.1687112074,0.11692763453196006,46.9407956151141,0.08733610722962852,Long,Closed,3
106,Close,0.004807635820253575,2025-06-19 13:23:27.008126+00:00,116145.41011839715,0.11167696680864964,2025-06-29 11:23:27.008126+00:00,139296.2812921181,0.133937158313621,111.05534339973444,0.19888674732726164,Long,Closed,3
107,Close,0.004807635820253575,2025-06-19 13:23:27.008126+00:00,116145.41011839717,0.11167696680864964,2025-06-29 12:38:27.008126+00:00,136229.66484907924,0.13098852330191454,96.31511697621396,0.1724887767434495,Long,Closed,3
108,Close,0.004807635820253575,2025-06-19 13:23:27.008126+00:00,116145.41011839718,0.11167696680864965,2025-06-29 13:43:27.008126+00:00,133053.28756651492,0.12793435026145536,81.04730594695828,0.14514596565973523,Long,Closed,3
109,Close,0.004807635820253575,2025-06-19 13:23:27.008126+00:00,117162.7381753163,0.11265515537012831,2025-06-29 18:23:27.008126+00:00,170587.60724703726,0.16402461821844094,256.57063446797446,0.45549736916169,Long,Closed,3
110,Close,0.004807635820253575,2025-06-19 13:23:27.008126+00:00,120928.20948622754,0.11627575832102312,2025-06-29 20:03:27.008126+00:00,175723.86582081366,0.16896327035871536,263.1523211597813,0.45263488272981195,Long,Closed,3
111,Close,0.004807635820253575,2025-06-19 13:23:27.008126+00:00,120928.20948622756,0.11627575832102313,2025-06-29 21:08:27.008126+00:00,159497.22043230076,0.15336091003624192,185.15612190773655,0.318477599426259,Long,Closed,3
112,Close,0.004807635820253575,2025-06-19 13:23:27.008126+00:00,122119.63975699717,0.11742135089044042,2025-06-29 23:38:27.008126+00:00,151541.3021641213,0.14571107850642004,141.18550565050106,0.2404767183818787,Long,Closed,3
113,Close,0.004807635820253575,2025-06-19 13:23:27.008126+00:00,122119.63975699717,0.11742135089044042,2025-06-29 23:48:27.008126+00:00,142087.68492750774,0.13662116873487806,95.74504670256268,0.16307945016217235,Long,Closed,3
114,Close,0.004807635820253575,2025-06-19 13:23:27.008126+00:00,122119.63975699716,0.11742135089044044,2025-06-30 05:03:27.008126+00:00,101041.29398348615,0.09715394885595602,-101.55158547216848,-0.17296954038098375,Long,Closed,3
115,Close,0.004807635820253575,2025-06-19 13:23:27.008126+00:00,122119.63975699716,0.11742135089044044,2025-06-30 06:28:27.008126+00:00,99018.8497716231,0.09520931380847257,-111.27281607453824,-0.18952739894529222,Long,Closed,3
116,Close,0.004807635820253575,2025-06-19 13:23:27.008126+00:00,122119.63975699716,0.11742135089044044,2025-06-30 07:03:27.008126+00:00,93757.66660854593,0.0901505432821276,-136.56160993573678,-0.2326009859367997,Long,Closed,3
117,Close,0.004807635820253575,2025-06-19 13:23:27.008126+00:00,122119.63975699716,0.11742135089044044,2025-06-30 07:48:27.008126+00:00,91608.90383618805,0.08808444950740457,-146.89001271557717,-0.25019302128900284,Long,Closed,3
118,Close,0.004807635820253575,2025-06-19 13:23:27.008126+00:00,122119.63975699716,0.11742135089044045,2025-06-30 08:28:27.008126+00:00,89860.62274754632,0.0864034297502794,-155.2934304814459,-0.2645062917498571,Long,Closed,3
119,Close,0.004807635820253575,2025-06-19 13:23:27.008126+00:00,122119.63975699716,0.11742135089044045,2025-06-30 08:48:27.008126+00:00,85763.66974492892,0.08246409814842362,-174.98614915912296,-0.29804826436104137,Long,Closed,3
120,Close,0.004807635820253575,2025-06-19 13:23:27.008126+00:00,121330.79441011652,0.11666285466117972,2025-06-30 11:13:27.008126+00:00,88790.66224576079,0.08537463366335127,-156.64314247746668,-0.2685398757511986,Long,Closed,3
121,Close,0.004807635820253575,2025-06-19 13:23:27.008126+00:00,119000.00443399354,0.11442173678544036,2025-06-30 17:58:27.008126+00:00,101342.23270269328,0.0974433096091883,-85.10400092765481,-0.14875495394242944,Long,Closed,3
122,Close,0.004807635820253575,2025-06-19 13:23:27.008126+00:00,119000.00443399354,0.11442173678544038,2025-06-30 20:28:27.008126+00:00,86258.10734527309,0.0829395133320826,-157.60847851690625,-0.27548695369385656,Long,Closed,3
123,Close,0.004807635820253575,2025-06-19 13:23:27.008126+00:00,119000.00443399356,0.11442173678544038,2025-06-30 21:03:27.008126+00:00,83056.37369786394,0.07986095945804352,-172.99816933322762,-0.3023868963947432,Long,Closed,3
124,Close,0.004807635820253575,2025-06-19 13:23:27.008126+00:00,119000.00443399356,0.11442173678544039,2025-07-01 00:33:27.008126+00:00,86992.6765461718,0.08364582157262174,-154.0776436224511,-0.269315338066179,Long,Closed,3
125,Close,0.004807635820253575,2025-06-19 13:23:27.008126+00:00,115963.80923115362,0.1115023526225493,2025-07-01 04:23:27.008126+00:00,85091.43666695351,0.08181772778337684,-148.61644427626814,-0.2665709570799015,Long,Closed,3
126,Close,0.004807635820253575,2025-06-19 13:23:27.008126+00:00,115419.62398629665,0.11097910372734374,2025-07-01 07:58:27.008126+00:00,89623.66041702339,0.08617558403262483,-124.21475316135435,-0.22385250734503737,Long,Closed,3
127,Close,0.004807635820253575,2025-06-19 13:23:27.008126+00:00,115419.62398629665,0.11097910372734374,2025-07-01 08:28:27.008126+00:00,88057.60184293031,0.08466977617313981,-131.74228665092,-0.23741818455226996,Long,Closed,3
128,Close,0.004807635820253575,2025-06-19 13:23:27.008126+00:00,114761.78466549257,0.11034657335080994,2025-07-01 10:28:27.008126+00:00,83002.6840278942,0.0798093353819387,-152.87634575308877,-0.2770839929339169,Long,Closed,3
129,Close,0.004807635820253575,2025-06-19 13:23:27.008126+00:00,114761.78466549258,0.11034657335080994,2025-07-01 10:38:27.008126+00:00,84225.25262913198,0.08098486830194432,-146.9998566859808,-0.26643302500865895,Long,Closed,3
130,Close,0.004807635820253575,2025-06-19 13:23:27.008126+00:00,114761.7846654926,0.11034657335080995,2025-07-01 10:43:27.008126+00:00,81916.05401200289,0.07876451110438634,-158.09942231657323,-0.28655066943302193,Long,Closed,3
131,Close,0.004807635820253575,2025-06-19 13:23:27.008126+00:00,114761.78466549261,0.11034657335080997,2025-07-01 11:33:27.008126+00:00,69313.98012971331,0.06664727474319085,-218.67348688618947,-0.39633942449846704,Long,Closed,3
132,Close,0.004807635820253575,2025-06-19 13:23:27.008126+00:00,114761.7846654926,0.11034657335080997,2025-07-01 12:38:27.008126+00:00,61835.000949640904,0.0594560331021815,-254.62250384959523,-0.461495986903206,Long,Closed,3
133,Close,0.004807635820253575,2025-06-19 13:23:27.008126+00:00,113313.23462092753,0.10895375313447378,2025-07-01 16:58:27.008126+00:00,65595.74727441075,0.06307209285055158,-229.58032726559586,-0.421427111340059,Long,Closed,3
134,Close,0.004807635820253575,2025-06-19 13:23:27.008126+00:00,111825.11941696139,0.10752288994262346,2025-07-01 19:13:27.008126+00:00,59367.83607333817,0.05708378705542459,-252.36012111299232,-0.46940725132603334,Long,Closed,3
135,Close,0.004807635820253575,2025-06-19 13:23:27.008126+00:00,111825.1194169614,0.10752288994262346,2025-07-01 19:38:27.008126+00:00,55780.15084518053,0.05363413025248754,-269.60495547087464,-0.5014838340277902,Long,Closed,3
136,Close,0.004807635820253575,2025-06-19 13:23:27.008126+00:00,108280.68619796893,0.1041148211213985,2025-07-01 23:28:27.008126+00:00,49716.62012552353,0.047803880755481344,-281.70662053146253,-0.5411460491354848,Long,Closed,3
137,Close,0.004807635820253575,2025-06-19 13:23:27.008126+00:00,108280.68619796893,0.1041148211213985,2025-07-02 02:33:27.008126+00:00,46359.83099889733,0.04457623682624018,-297.8416125337391,-0.5721406603320273,Long,Closed,3
138,Close,0.004807635820253575,2025-06-19 13:23:27.008126+00:00,108280.68619796893,0.10411482112139848,2025-07-02 03:23:27.008126+00:00,46040.93439195772,0.04426960907614415,-299.3744446564692,-0.5750851635376618,Long,Closed,3
139,Close,0.004807635820253575,2025-06-19 13:23:27.008126+00:00,108280.68619796893,0.1041148211213985,2025-07-02 04:43:27.008126+00:00,46234.858204038326,0.04445607208921591,-298.4423160541234,-0.5732945854195686,Long,Closed,3
140,Close,0.004807635820253575,2025-06-19 13:23:27.008126+00:00,108280.68619796893,0.1041148211213985,2025-07-02 05:03:27.008126+00:00,45486.63922453767,0.043736639215767724,-302.03876098849094,-0.5802031982292166,Long,Closed,3
141,Close,0.004807635820253575,2025-06-19 13:23:27.008126+00:00,101727.32063223464,0.09781358211399038,2025-07-02 11:23:27.008126+00:00,43470.39040976668,0.041797961210880356,-280.21771605887494,-0.5729627931064087,Long,Closed,3
142,Close,0.004807635820253575,2025-06-19 13:23:27.008126+00:00,101727.32063223464,0.09781358211399041,2025-07-02 11:58:27.008126+00:00,42136.70564508347,0.04051558708135687,-286.62830433236286,-0.5860705602179682,Long,Closed,3
143,Close,0.004807635820253575,2025-06-19 13:23:27.008126+00:00,97765.35700130275,0.09400404645986839,2025-07-02 18:18:27.008126+00:00,43084.57907310833,0.041426993130484646,-263.0206976865089,-0.5595944166058769,Long,Closed,3
144,Close,0.004807635820253575,2025-06-19 13:23:27.008126+00:00,96141.70403278343,0.09244286002564549,2025-07-02 21:58:27.008126+00:00,45956.42143385246,0.04418834757121166,-241.40919347976578,-0.5222884567024304,Long,Closed,3
145,Close,0.004807635820253575,2025-06-19 13:23:27.008126+00:00,96141.70403278343,0.0924428600256455,2025-07-02 23:13:27.008126+00:00,45181.95848641799,0.04344368040970263,-245.13178462014938,-0.5303422774936757,Long,Closed,3
146,Close,0.004807635820253575,2025-06-19 13:23:27.008126+00:00,96141.70403278341,0.0924428600256455,2025-07-02 23:18:27.008126+00:00,45850.313031502395,0.04408632146001804,-241.9192220096226,-0.5233919027224159,Long,Closed,3
147,Close,0.004807635820253575,2025-06-19 13:23:27.008126+00:00,96141.70403278341,0.0924428600256455,2025-07-02 23:23:27.008126+00:00,44494.908609045575,0.04278306328955134,-248.43420960378566,-0.5374870693850563,Long,Closed,3
148,Close,0.004807635820253575,2025-06-19 13:23:27.008126+00:00,92500.51251189911,0.08894175546880412,2025-07-03 03:38:27.008126+00:00,41848.144777124355,0.04023812796833212,-243.6473173857967,-0.5478806126583706,Long,Closed,3
149,Close,0.004807635820253575,2025-06-19 13:23:27.008126+00:00,92500.51251189913,0.08894175546880412,2025-07-03 03:43:27.008126+00:00,41466.562857209836,0.03987122658702369,-245.48145739095767,-0.5520049747096778,Long,Closed,3
150,Close,0.004807635820253575,2025-06-19 13:23:27.008126+00:00,86580.50416234389,0.08324950662929971,2025-07-03 10:48:27.008126+00:00,46404.35874503597,0.04461905146370644,-193.28014438605908,-0.46433943505926834,Long,Closed,3
151,Close,0.004807635820253575,2025-06-19 13:23:27.008126+00:00,86580.50416234389,0.08324950662929972,2025-07-03 11:13:27.008126+00:00,44191.13219896695,0.04249097401946294,-203.91840352983235,-0.4898969658471545,Long,Closed,3
152,Close,0.004807635820253575,2025-06-19 13:23:27.008126+00:00,86580.50416234389,0.08324950662929971,2025-07-03 12:48:27.008126+00:00,38075.97104908388,0.03661108046130275,-233.31199142707513,-0.5605126105214923,Long,Closed,3
153,Close,0.004807635820253575,2025-06-19 13:23:27.008126+00:00,86580.50416234389,0.08324950662929971,2025-07-03 13:23:27.008126+00:00,35895.37891842832,0.034514381893962214,-243.79338756521045,-0.5856932910144297,Long,Closed,3
154,Close,0.004807635820253575,2025-06-19 13:23:27.008126+00:00,86580.50416234387,0.08324950662929972,2025-07-03 16:03:27.008126+00:00,34939.86317997535,0.033595627555761697,-248.3862405018748,-0.5967272373346543,Long,Closed,3
155,Close,0.004807635820253575,2025-06-19 13:23:27.008126+00:00,86580.50416234389,0.08324950662929972,2025-07-03 16:58:27.008126+00:00,34137.40615715992,0.032824043330341404,-252.2433900447509,-0.6059937175795198,Long,Closed,3
156,Close,0.004807635820253575,2025-06-19 13:23:27.008126+00:00,86580.50416234387,0.08324950662929971,2025-07-03 17:08:27.008126+00:00,32632.869217455256,0.03137739019349763,-259.4752090758328,-0.6233675599574319,Long,Closed,3
157,Close,0.004807635820253575,2025-06-19 13:23:27.008126+00:00,82667.45286065494,0.0794870015084018,2025-07-03 20:58:27.008126+00:00,34589.19795980699,0.033258453421081996,-231.25548589152808,-0.5818699447785424,Long,Closed,3
158,Close,0.004807635820253575,2025-06-19 13:23:27.008126+00:00,77910.1458635909,0.07491272160299615,2025-07-04 03:28:27.008126+00:00,38997.1078481601,0.03749677851542127,-187.1921249379926,-0.4997605771954918,Long,Closed,3
159,Close,0.004807635820253575,2025-06-19 13:23:27.008126+00:00,77910.14586359088,0.07491272160299615,2025-07-04 03:38:27.008126+00:00,39094.61056500255,0.037590530026234026,-186.72346113543955,-0.49850935098844856,Long,Closed,3
160,Close,0.004807635820253575,2025-06-19 13:23:27.008126+00:00,75331.79005263426,0.07243356245217333,2025-07-04 07:53:27.008126+00:00,40187.03880579286,0.03864092945453004,-169.07423948012288,-0.4668394974822891,Long,Closed,3
161,Close,0.004807635820253575,2025-06-19 13:23:27.008126+00:00,74224.12784275995,0.07136851514878674,2025-07-04 10:53:27.008126+00:00,45146.363499756946,0.04340945486312402,-139.91007939832534,-0.3920778766565214,Long,Closed,3
162,Close,0.004807635820253575,2025-06-19 13:23:27.008126+00:00,71589.17612592722,0.06883493749708998,2025-07-04 15:48:27.008126+00:00,46511.96570750751,0.044722518481163806,-120.67565253560903,-0.35062326464874227,Long,Closed,3
163,Close,0.004807635820253575,2025-06-19 13:23:27.008126+00:00,71589.17612592722,0.06883493749708998,2025-07-04 19:53:27.008126+00:00,48067.40275786663,0.04621811345705502,-113.19917325112885,-0.32890034440988464,Long,Closed,3
164,Close,0.004807635820253575,2025-06-19 13:23:27.008126+00:00,71589.17612592722,0.06883493749708998,2025-07-04 21:48:27.008126+00:00,43163.86565368196,0.04150322933145088,-136.76887899502393,-0.3973821549581734,Long,Closed,3
165,Close,0.004807635820253575,2025-06-19 13:23:27.008126+00:00,69092.30680729897,0.06643412982214414,2025-07-05 02:43:27.008126+00:00,49724.175009852064,0.0478111449819845,-93.22916947560213,-0.2806664879187643,Long,Closed,3
166,Close,0.004807635820253575,2025-06-19 13:23:27.008126+00:00,67961.858250856,0.0653471728275623,2025-07-05 07:58:27.008126+00:00,52693.79907616216,0.050666519188760396,-73.5192818860257,-0.22501136225136453,Long,Closed,3
167,Close,0.004807635820253575,2025-06-19 13:23:27.008126+00:00,67961.858250856,0.0653471728275623,2025-07-05 09:13:27.008126+00:00,51032.65948248523,0.04906928834615986,-81.50383886818578,-0.2494487070871685,Long,Closed,3
168,Close,0.004807635820253575,2025-06-19 13:23:27.008126+00:00,67961.858250856,0.0653471728275623,2025-07-05 10:08:27.008126+00:00,48139.09494669383,0.04628704744406263,-95.41226113776982,-0.29201649286203435,Long,Closed,3
169,Close,0.004807635820253575,2025-06-19 13:23:27.008126+00:00,67961.858250856,0.0653471728275623,2025-07-05 11:28:27.008126+00:00,43440.79586320692,0.04176950525045539,-117.99545456361243,-0.3611340765268549,Long,Closed,3
170,Close,0.004807635820253575,2025-06-19 13:23:27.008126+00:00,67961.858250856,0.06534717282756232,2025-07-05 14:03:27.008126+00:00,38869.64426978324,0.03737421882238481,-139.96749141753725,-0.42838116895089745,Long,Closed,3
171,Close,0.004807635820253575,2025-06-19 13:23:27.008126+00:00,67961.858250856,0.06534717282756232,2025-07-05 14:13:27.008126+00:00,38317.06331174736,0.03684289722089614,-142.6235681033791,-0.43651029396400465,Long,Closed,3
172,Close,0.004807635820253575,2025-06-19 13:23:27.008126+00:00,67961.858250856,0.0653471728275623,2025-07-05 18:48:27.008126+00:00,30103.092457227373,0.02894494111955431,-182.10545065398694,-0.5573476028856695,Long,Closed,3
173,Close,0.004807635820253575,2025-06-19 13:23:27.008126+00:00,65255.353734070486,0.06274479521504707,2025-07-05 23:08:27.008126+00:00,31689.34167768218,0.03047016283397588,-161.4663768634048,-0.514676560215095,Long,Closed,3
174,Close,0.004807635820253575,2025-06-19 13:23:27.008126+00:00,65255.353734070486,0.06274479521504707,2025-07-05 23:43:27.008126+00:00,33009.42873136372,0.03173946239500235,-155.12114835783345,-0.4944510467399959,Long,Closed,3
175,Close,0.004807635820253575,2025-06-19 13:23:27.008126+00:00,65255.35373407049,0.06274479521504707,2025-07-05 23:53:27.008126+00:00,30720.31323364454,0.029538415662295887,-166.12418097463313,-0.5295233824742624,Long,Closed,3
176,Close,0.004807635820253575,2025-06-19 13:23:27.008126+00:00,65255.353734070486,0.06274479521504708,2025-07-06 01:03:27.008126+00:00,29591.348375327867,0.02845288528376574,-171.5507473369053,-0.5468206462351005,Long,Closed,3
177,Close,0.004807635820253575,2025-06-19 13:23:27.008126+00:00,61426.87634398009,0.05906361020752116,2025-07-06 05:33:27.008126+00:00,32833.169451957925,0.031569984309937675,-137.55876308243472,-0.465798696013059,Long,Closed,3
178,Close,0.004807635820253575,2025-06-19 13:23:27.008126+00:00,61426.8763439801,0.05906361020752117,2025-07-06 05:38:27.008126+00:00,32444.72317734812,0.03119648266512605,-139.42589780484812,-0.47212114977385405,Long,Closed,3
179,Close,0.004807635820253575,2025-06-19 13:23:27.008126+00:00,59226.6744498707,0.05694805631993914,2025-07-06 09:28:27.008126+00:00,32306.63872498643,0.031063710713247213,-129.50973980049272,-0.45483462709559663,Long,Closed,3
180,Close,0.004807635820253575,2025-06-19 13:23:27.008126+00:00,57400.94635817161,0.05519256916560001,2025-07-06 13:03:27.008126+00:00,34227.09382653486,0.032910280460725805,-111.49954637399716,-0.40403825391586157,Long,Closed,3
181,Close,0.004807635820253575,2025-06-19 13:23:27.008126+00:00,57400.94635817161,0.0551925691656,2025-07-06 14:48:27.008126+00:00,36196.547781603746,0.03480396393687165,-102.03302267674405,-0.36973463717771077,Long,Closed,3
182,Close,0.004807635820253575,2025-06-19 13:23:27.008126+00:00,57400.94635817162,0.05519256916560001,2025-07-06 15:13:27.008126+00:00,33565.826654059405,0.03227445411169565,-114.67804229279898,-0.4155560939688043,Long,Closed,3
183,Close,0.004807635820253575,2025-06-19 13:23:27.008126+00:00,57400.94635817162,0.05519256916560002,2025-07-06 16:23:27.008126+00:00,32160.705610015688,0.030923392059068307,-121.43200149388304,-0.44003025526692924,Long,Closed,3
184,Close,0.004807635820253575,2025-06-19 13:23:27.008126+00:00,57400.94635817162,0.05519256916560001,2025-07-06 17:58:27.008126+00:00,32853.768481163526,0.03158979083607193,-118.1006740076419,-0.42795860309851574,Long,Closed,3
185,Close,0.004807635820253575,2025-06-19 13:23:27.008126+00:00,57400.94635817161,0.05519256916560001,2025-07-06 19:38:27.008126+00:00,29090.547868068403,0.027971351992265386,-136.1892497878308,-0.4935057448737641,Long,Closed,3
186,Close,0.004807635820253575,2025-06-19 13:23:27.008126+00:00,57400.94635817161,0.0551925691656,2025-07-06 19:43:27.008126+00:00,29162.28688333685,0.028040331004168247,-135.8444237073284,-0.49225620680834886,Long,Closed,3
187,Close,0.004807635820253575,2025-06-19 13:23:27.008126+00:00,57400.946358171605,0.0551925691656,2025-07-06 22:43:27.008126+00:00,25829.84307692495,0.024836095761630643,-151.86239568477384,-0.550300150837789,Long,Closed,3
188,Close,0.004807635820253575,2025-06-19 13:23:27.008126+00:00,54310.96089249883,0.05222146420383374,2025-07-06 23:33:27.008126+00:00,25389.077218942468,0.02441228741619437,-139.12251768981668,-0.532817376191468,Long,Closed,3
189,Close,0.004807635820253575,2025-06-19 13:23:27.008126+00:00,54310.96089249883,0.05222146420383373,2025-07-06 23:43:27.008126+00:00,25654.477614925636,0.024667477106282,-137.84682442906856,-0.5279316715096967,Long,Closed,3
190,Close,0.004807635820253575,2025-06-19 13:23:27.008126+00:00,54310.96089249882,0.05222146420383373,2025-07-07 03:18:27.008126+00:00,25501.876676737193,0.02452074715895419,-138.58032743576024,-0.5307408727371026,Long,Closed,3
191,Close,0.004807635820253575,2025-06-19 13:23:27.008126+00:00,54310.96089249882,0.05222146420383373,2025-07-07 03:53:27.008126+00:00,23205.590241461,0.022312805374994943,-149.61782841377251,-0.5730127666653543,Long,Closed,3
192,Close,0.004807635820253575,2025-06-19 13:23:27.008126+00:00,54310.96089249882,0.05222146420383372,2025-07-07 04:53:27.008126+00:00,21970.350840607414,0.021125089136968492,-155.55522188766673,-0.5957520504614542,Long,Closed,3
193,Close,0.004807635820253575,2025-06-19 13:23:27.008126+00:00,54310.96089249882,0.05222146420383374,2025-07-07 06:58:27.008126+00:00,17332.195457781083,0.01666537674529293,-177.84932413365289,-0.681134957991456,Long,Closed,3
194,Close,0.004807635820253575,2025-06-19 13:23:27.008126+00:00,54310.96089249882,0.05222146420383373,2025-07-07 07:18:27.008126+00:00,16847.62699013951,0.016199451000813127,-180.1784869303074,-0.6900552854168349,Long,Closed,3
195,Close,0.004807635820253575,2025-06-19 13:23:27.008126+00:00,54310.96089249883,0.05222146420383373,2025-07-07 07:38:27.008126+00:00,16292.612533499385,0.0156657895243128,-182.8462606513326,-0.700272439461433,Long,Closed,3
196,Close,0.004807635820253575,2025-06-19 13:23:27.008126+00:00,54310.96089249883,0.05222146420383373,2025-07-07 09:13:27.008126+00:00,14331.763859233115,0.013780380259412948,-192.27142156656697,-0.7363693243685492,Long,Closed,3
197,Close,0.004807635820253575,2025-06-19 13:23:27.008126+00:00,54310.96089249883,0.05222146420383373,2025-07-07 10:48:27.008126+00:00,14392.01010029525,0.01383830865672614,-191.9818375083983,-0.7352602629410935,Long,Closed,3
198,Close,0.004807635820253575,2025-06-19 13:23:27.008126+00:00,54310.960892498835,0.05222146420383373,2025-07-07 11:23:27.008126+00:00,13796.588617147314,0.013265794726620032,-194.84383464499874,-0.746221262140309,Long,Closed,3
199,Close,0.004807635820253575,2025-06-19 13:23:27.008126+00:00,43706.59163296685,0.04202507510316935,2025-07-07 17:08:27.008126+00:00,17780.850503994665,0.01709677075951572,-124.70064356413073,-0.5934582782207873,Long,Closed,3
200,Close,0.004807635820253575,2025-06-19 13:23:27.008126+00:00,38058.37677620747,0.03659416309000038,2025-07-07 19:38:27.008126+00:00,18235.059984569332,0.017533505513257625,-95.35741555231695,-0.5211618875818701,Long,Closed,3
201,Close,0.004807635820253575,2025-06-19 13:23:27.008126+00:00,35636.0891858309,0.03426506777271035,2025-07-08 01:18:27.008126+00:00,23416.22406360434,0.022515335516653592,-58.805441683573086,-0.3432384378962612,Long,Closed,3
202,Close,0.004807635820253575,2025-06-19 13:23:27.008126+00:00,35636.0891858309,0.03426506777271034,2025-07-08 01:28:27.008126+00:00,22985.335539560125,0.02210102449610736,-60.8765824752837,-0.3553273723495596,Long,Closed,3
203,Close,0.004807635820253575,2025-06-19 13:23:27.008126+00:00,35636.089185830904,0.03426506777271034,2025-07-08 01:38:27.008126+00:00,22779.268288560004,0.02190288523664949,-61.867080633313655,-0.3611087597648724,Long,Closed,3
204,Close,0.004807635820253575,2025-06-19 13:23:27.008126+00:00,35636.089185830904,0.03426506777271034,2025-07-08 02:38:27.008126+00:00,23413.09720832197,0.022512328960361542,-58.8204714584771,-0.34332616441122793,Long,Closed,3
205,Close,0.004807635820253575,2025-06-19 13:23:27.008126+00:00,33744.08166288342,0.03244585114480804,2025-07-08 05:48:27.008126+00:00,23508.385691708147,0.022603951425558544,-49.26454839881782,-0.30367240593533396,Long,Closed,3
206,Close,0.004807635820253575,2025-06-19 13:23:27.008126+00:00,33744.08166288342,0.03244585114480804,2025-07-08 06:13:27.008126+00:00,22728.57520526272,0.021854142460029664,-53.01284341749669,-0.3267773323676841,Long,Closed,3
207,Close,0.004807635820253575,2025-06-19 13:23:27.008126+00:00,33744.08166288342,0.032445851144808045,2025-07-08 06:28:27.008126+00:00,22490.60819376154,0.021625330714323314,-54.15667333428274,-0.3338280330053777,Long,Closed,3
208,Close,0.004807635820253575,2025-06-19 13:23:27.008126+00:00,33744.08166288342,0.032445851144808045,2025-07-08 07:43:27.008126+00:00,21404.98084134971,0.020581470524942875,-59.37493042099555,-0.36599397658579647,Long,Closed,3
209,Close,0.004807635820253575,2025-06-19 13:23:27.008126+00:00,32629.38917494003,0.0313740440380872,2025-07-08 09:28:27.008126+00:00,21578.311073217083,0.020748132251234563,-53.18168111055247,-0.3390170616576647,Long,Closed,3
210,Close,0.004807635820253575,2025-06-19 13:23:27.008126+00:00,32629.389174940028,0.03137404403808719,2025-07-08 09:38:27.008126+00:00,21188.406928939992,0.020373228825136192,-55.05582333761819,-0.35096414903212353,Long,Closed,3
211,Close,0.004807635820253575,2025-06-19 13:23:27.008126+00:00,32629.389174940028,0.03137404403808719,2025-07-08 10:58:27.008126+00:00,20774.86059928216,0.019975592795576716,-57.04360584938601,-0.36363565870014536,Long,Closed,3
212,Close,0.004807635820253575,2025-06-19 13:23:27.008126+00:00,32629.389174940028,0.03137404403808719,2025-07-08 11:03:27.008126+00:00,20356.958710382754,0.019573768777491833,-59.052324115792345,-0.37644062744416706,Long,Closed,3
213,Close,0.004807635820253575,2025-06-19 13:23:27.008126+00:00,32629.389174940028,0.03137404403808719,2025-07-08 12:33:27.008126+00:00,21043.675953542708,0.02023406606081215,-55.751497996474086,-0.3553988636517076,Long,Closed,3
214,Close,0.004807635820253575,2025-06-19 13:23:27.008126+00:00,26471.908571550844,0.025453459175813105,2025-07-08 17:58:27.008126+00:00,21910.602657414936,0.021067639635826245,-21.975618798745916,-0.17267294513453035,Long,Closed,3
215,Close,0.004807635820253575,2025-06-19 13:23:27.008126+00:00,26471.908571550844,0.025453459175813105,2025-07-08 18:03:27.008126+00:00,21419.991283316012,0.020595903472637882,-24.333827878524538,-0.19120252151540582,Long,Closed,3
216,Close,0.004807635820253575,2025-06-19 13:23:27.008126+00:00,26185.00163668993,0.02517759036438981,2025-07-08 22:28:27.008126+00:00,23224.71098761245,0.02233119049181648,-14.27950814372281,-0.11343030001726605,Long,Closed,3
217,Close,0.004807635820253575,2025-06-19 13:23:27.008126+00:00,26185.001636689925,0.025177590364389806,2025-07-08 22:48:27.008126+00:00,22465.831901456262,0.021601507636247325,-17.927192738713014,-0.14240594496341108,Long,Closed,3
218,Close,0.004807635820253575,2025-06-19 13:23:27.008126+00:00,26185.001636689925,0.02517759036438981,2025-07-08 23:53:27.008126+00:00,22325.54990377051,0.02146662268484517,-18.601482610772365,-0.14776221506154597,Long,Closed,3
219,Close,0.004807635820253575,2025-06-19 13:23:27.008126+00:00,26119.370924007206,0.025114484651349366,2025-07-09 01:48:27.008126+00:00,23171.084216646042,0.022279626894811957,-14.221682894233162,-0.1132548255850359,Long,Closed,3
220,Close,0.004807635820253575,2025-06-19 13:23:27.008126+00:00,26119.370924007206,0.025114484651349366,2025-07-09 01:53:27.008126+00:00,23439.441778329263,0.022537659980048787,-12.931775501134238,-0.10298260689525586,Long,Closed,3
221,Close,0.004807635820253575,2025-06-19 13:23:27.008126+00:00,25658.390770944286,0.024671239712091113,2025-07-09 05:08:27.008126+00:00,20875.61883226677,0.020072474573593166,-23.03856940677535,-0.1867645864223386,Long,Closed,3
222,Close,0.004807635820253575,2025-06-19 13:23:27.008126+00:00,25658.390770944286,0.024671239712091113,2025-07-09 06:18:27.008126+00:00,18257.821970709767,0.0175553917812394,-35.62146628575183,-0.2887691636208629,Long,Closed,3
223,Close,0.004807635820253575,2025-06-19 13:23:27.008126+00:00,25658.390770944286,0.024671239712091113,2025-07-09 08:23:27.008126+00:00,15088.804794542195,0.014508295683010989,-50.85389968079566,-0.4122524873030416,Long,Closed,3
224,Close,0.004807635820253575,2025-06-19 13:23:27.008126+00:00,25658.390770944286,0.024671239712091113,2025-07-09 09:03:27.008126+00:00,14299.162247331751,0.013749032923977948,-54.64945421320183,-0.4430215493907162,Long,Closed,3
225,Close,0.004807635820253575,2025-06-19 13:23:27.008126+00:00,19160.479135664405,0.0184233211651683,2025-07-09 14:08:27.008126+00:00,15792.288577959967,0.015184714450236348,-16.226641610275127,-0.1761532729609439,Long,Closed,3
226,Close,0.004807635820253575,2025-06-19 13:23:27.008126+00:00,19160.479135664405,0.0184233211651683,2025-07-09 14:13:27.008126+00:00,15666.680793767644,0.015063939153719211,-16.8303973175643,-0.1827075277760926,Long,Closed,3
227,Close,0.004807635820253575,2025-06-19 13:23:27.008126+00:00,18218.55086728334,0.01751763154853265,2025-07-09 18:28:27.008126+00:00,16527.610428214808,0.015891746383576412,-8.162835202713275,-0.0931956489677057,Long,Closed,3
228,Close,0.004807635820253575,2025-06-19 13:23:27.008126+00:00,18218.55086728334,0.01751763154853265,2025-07-09 18:48:27.008126+00:00,16065.657081069041,0.015447565691771605,-10.383294481045498,-0.11854678473261131,Long,Closed,3
229,Close,0.004807635820253575,2025-06-19 13:23:27.008126+00:00,18218.55086728334,0.01751763154853265,2025-07-09 19:38:27.008126+00:00,15730.403856098132,0.01512521060912647,-11.994747539188525,-0.13694485474200147,Long,Closed,3
230,Close,0.004807635820253575,2025-06-19 13:23:27.008126+00:00,18052.875535648694,0.017358330216752826,2025-07-09 21:48:27.008126+00:00,15574.491018747884,0.014975296180789986,-11.947503806211726,-0.1376572937261095,Long,Closed,3
231,Close,0.004807635820253575,2025-06-19 13:23:27.008126+00:00,18052.875535648694,0.017358330216752826,2025-07-09 22:08:27.008126+00:00,15128.99798559414,0.014546942528017314,-14.088843716422309,-0.16232948147080328,Long,Closed,3
232,Close,0.004807635820253575,2025-06-19 13:23:27.008126+00:00,18052.875535648694,0.017358330216752826,2025-07-09 22:18:27.008126+00:00,14738.314984296312,0.014171290209736592,-15.966729655507642,-0.18396619324706565,Long,Closed,3
233,Close,0.004807635820253575,2025-06-19 13:23:27.008126+00:00,16874.59425564876,0.016225380759140446,2025-07-10 00:28:27.008126+00:00,14397.373200885233,0.013843465423626945,-11.939645523750253,-0.14717245408276963,Long,Closed,3
234,Close,0.004807635820253575,2025-06-19 13:23:27.008126+00:00,16874.59425564876,0.016225380759140446,2025-07-10 00:33:27.008126+00:00,14367.721143853401,0.013814954165320857,-12.082173304022387,-0.1489293038280903,Long,Closed,3
235,Close,0.004807635820253575,2025-06-19 13:23:27.008126+00:00,16874.594255648764,0.016225380759140446,2025-07-10 01:38:27.008126+00:00,14539.781979516169,0.013980395332679875,-11.255132908394673,-0.1387349002833623,Long,Closed,3
236,Close,0.004807635820253556,2025-06-19 13:23:27.008126+00:00,16874.594255648764,0.016225380759140384,2025-07-10 02:18:27.008126+00:00,13878.24535875569,0.013344309901804357,-14.434923977341308,-0.1779301723839,Long,Closed,3
237,Close,0.004807635820253575,2025-07-10 03:33:27.008126+00:00,12981.831916273633,0.012482384026637648,2025-07-10 04:28:27.008126+00:00,13460.745520252252,0.012942872466096515,-2.327867453787074,-0.03729844313104549,Short,Closed,4
238,Close,0.004807635820253575,2025-07-10 04:53:27.008126+00:00,15415.514593218188,0.014822436029199498,2025-07-10 07:03:27.008126+00:00,13781.562219522808,0.013251346437126246,-7.883521742832588,-0.10637282194778812,Long,Closed,5
239,Close,0.004807635820253575,2025-07-10 04:53:27.008126+00:00,14791.73413429766,0.014222654173543387,2025-07-10 12:38:27.008126+00:00,13504.176100568793,0.012984632148821357,-6.217317409932519,-0.08742837073965859,Long,Closed,5
240,Close,0.004807635820253575,2025-07-10 04:53:27.008126+00:00,14791.734134297658,0.014222654173543386,2025-07-10 14:58:27.008126+00:00,11160.906296629268,0.01073151457963371,-17.480652138301565,-0.24581420492974682,Long,Closed,5
241,Close,0.004807635820253575,2025-07-10 04:53:27.008126+00:00,13727.661559030783,0.013199519487902888,2025-07-10 17:58:27.008126+00:00,12066.14372899057,0.011601924960764624,-8.01277408013999,-0.12141008750331475,Long,Closed,5
242,Close,0.004807635820253575,2025-07-10 04:53:27.008126+00:00,13727.661559030783,0.013199519487902886,2025-07-10 18:13:27.008126+00:00,11466.07355668064,0.011024941189752032,-10.897115951431934,-0.16511382799076796,Long,Closed,5
243,Close,0.004807635820253575,2025-07-10 04:53:27.008126+00:00,13727.661559030785,0.013199519487902885,2025-07-10 18:48:27.008126+00:00,10778.371168171114,0.010363696662417564,-14.202677343576937,-0.2151999147634643,Long,Closed,5
244,Close,0.004807635820253577,2025-07-10 04:53:27.008126+00:00,13727.661559030785,0.013199519487902892,2025-07-10 20:43:27.008126+00:00,10376.386609668447,0.009977177589888317,-16.13488618715066,-0.24447687208519936,Long,Closed,5
245,Close,0.004807635820253575,2025-07-10 22:13:27.008126+00:00,9902.43327898069,0.009521458587939726,2025-07-10 23:38:27.008126+00:00,10066.712967318885,0.009679417970778686,-0.8089977907535137,-0.016993148335029757,Short,Closed,6
246,Close,0.004807635820253575,2025-07-11 00:28:27.008126+00:00,9520.56078592987,0.009154277812667595,2025-07-11 01:08:27.008126+00:00,10490.266043299183,0.01008667575875098,-4.681230683988338,-0.10227416689300163,Short,Closed,7
247,Close,0.004807635820253575,2025-07-11 02:08:27.008126+00:00,11732.67420833073,0.011281284958267215,2025-07-11 06:58:27.008126+00:00,13823.879557134404,0.0132920357067501,10.029180421749398,0.17780209362409125,Long,Closed,8
248,Close,0.004807635820253575,2025-07-11 02:08:27.008126+00:00,11732.67420833073,0.011281284958267213,2025-07-11 07:28:27.008126+00:00,13037.855734961033,0.012536252450139434,6.251019921952681,0.11082106240693393,Long,Closed,8
249,Close,0.004807635820253575,2025-07-11 02:08:27.008126+00:00,12951.415211401692,0.012453137538662363,2025-07-11 13:18:27.008126+00:00,12460.443492532393,0.01198105489418886,-2.3848474148003636,-0.03830114952792096,Long,Closed,8
250,Close,0.004807635820253575,2025-07-11 02:08:27.008126+00:00,12951.415211401692,0.012453137538662363,2025-07-11 15:58:27.008126+00:00,12146.649073498878,0.011679333036360623,-3.8931549820837263,-0.06252488531499677,Long,Closed,8
251,Close,0.004807635820253575,2025-07-11 02:08:27.008126+00:00,12951.41521140169,0.012453137538662363,2025-07-11 16:13:27.008126+00:00,11784.352360034558,0.01133097490491838,-5.634597281163481,-0.09049281377757457,Long,Closed,8
252,Close,0.004807635820253575,2025-07-11 02:08:27.008126+00:00,12951.41521140169,0.01245313753866236,2025-07-11 16:33:27.008126+00:00,11530.8992673543,0.011087272871493649,-6.85286374625371,-0.11005842864865367,Long,Closed,8
253,Close,0.004807635820253577,2025-07-11 02:08:27.008126+00:00,12951.41521140169,0.012453137538662368,2025-07-11 17:33:27.008126+00:00,11133.33006743086,0.01070499928617735,-8.763849399249892,-0.1407492589243698,Long,Closed,8
254,Close,0.004807635820253575,2025-07-11 18:48:27.008126+00:00,12230.282567506902,0.011759748912673812,2025-07-11 22:48:27.008126+00:00,11400.277935496151,0.010961676912707555,-4.013081425656651,-0.06825114133740799,Long,Closed,9
255,Close,0.004807635820253575,2025-07-11 18:48:27.008126+00:00,12361.198617694523,0.011885628251139434,2025-07-12 00:38:27.008126+00:00,12039.54321541162,0.011576347844380764,-1.5698640098888763,-0.026416172148718834,Long,Closed,9
256,Close,0.004807635820253575,2025-07-11 18:48:27.008126+00:00,12361.198617694523,0.011885628251139433,2025-07-12 00:58:27.008126+00:00,11425.798674115664,0.010986215796136855,-4.519934119060177,-0.07605713427267703,Long,Closed,9
257,Close,0.004807635820253575,2025-07-11 18:48:27.008126+00:00,13290.602640986292,0.012779275465912494,2025-07-12 06:23:27.008126+00:00,11569.61780436419,0.011124501796580961,-8.297772123920153,-0.1298629510891079,Long,Closed,9
258,Close,0.004807635820253575,2025-07-11 18:48:27.008126+00:00,13121.765858413599,0.012616934313177924,2025-07-12 09:18:27.008126+00:00,12381.95458510542,0.011905585677621164,-3.5812656977746,-0.05676918986625934,Long,Closed,9
259,Close,0.004807635820253575,2025-07-11 18:48:27.008126+00:00,14227.120267097647,0.013679762603030854,2025-07-12 16:03:27.008126+00:00,14668.2681328891,0.014103938259352333,2.0930945807450203,0.03060132900670776,Long,Closed,9
260,Close,0.004807635820253575,2025-07-11 18:48:27.008126+00:00,14227.120267097647,0.013679762603030854,2025-07-12 16:23:27.008126+00:00,14181.821407415659,0.0136362065189461,-0.2450963895457415,-0.003583342732737754,Long,Closed,9
261,Close,0.004807635820253575,2025-07-11 18:48:27.008126+00:00,14227.120267097647,0.013679762603030854,2025-07-12 18:38:27.008126+00:00,14049.845643729905,0.013509308237165908,-0.8794609001649176,-0.012857838629013438,Long,Closed,9
262,Close,0.004807635820253575,2025-07-11 18:48:27.008126+00:00,14270.189692925314,0.013721175025904225,2025-07-12 21:33:27.008126+00:00,13594.378084740792,0.013071363806854006,-3.275848634083836,-0.047748806175846564,Long,Closed,9
263,Close,0.004807635820253575,2025-07-11 18:48:27.008126+00:00,14270.189692925314,0.013721175025904224,2025-07-12 21:38:27.008126+00:00,13437.439136946627,0.012920462745452378,-4.030203040030579,-0.05874428439870425,Long,Closed,9
264,Close,0.004807635820253575,2025-07-11 18:48:27.008126+00:00,14270.189692925314,0.013721175025904224,2025-07-12 21:48:27.008126+00:00,13347.004427228396,0.012833507315485259,-4.464893234436209,-0.06508033351381251,Long,Closed,9
265,Close,0.004807635820253575,2025-07-11 18:48:27.008126+00:00,14270.189692925313,0.013721175025904222,2025-07-12 22:33:27.008126+00:00,12982.444744569366,0.012482973277690892,-6.217212889370227,-0.09062216432095277,Long,Closed,9
266,Close,0.004807635820253575,2025-07-11 18:48:27.008126+00:00,14270.189692925314,0.013721175025904222,2025-07-12 23:53:27.008126+00:00,13569.911491669327,0.013047838513004015,-3.393451578039942,-0.04946298799677784,Long,Closed,9
267,Close,0.004807635820253577,2025-07-11 18:48:27.008126+00:00,14270.189692925314,0.013721175025904229,2025-07-13 00:23:27.008126+00:00,12520.21541088293,0.012038527217330324,-8.438998745112732,-0.12300693969985418,Long,Closed,9
268,Close,0.004807635820253575,2025-07-13 01:03:27.008126+00:00,11958.32476086398,0.011498254094110988,2025-07-13 02:13:27.008126+00:00,13721.851906972006,0.01319393334963469,-8.50308846506226,-0.14790225360243608,Short,Closed,10
269,Close,0.004807635820253575,2025-07-13 03:33:27.008126+00:00,11352.83864286404,0.010916062744198431,2025-07-13 08:38:27.008126+00:00,10152.06521207748,0.00976148647262678,5.752203808641428,0.10538971685003473,Short,Closed,11
270,Close,0.004807635820253575,2025-07-13 03:33:27.008126+00:00,11352.83864286404,0.010916062744198431,2025-07-13 09:03:27.008126+00:00,10628.407591741696,0.010219502610062483,3.4616651053254754,0.0634233273744281,Short,Closed,11
271,Close,0.004807635820253575,2025-07-13 03:33:27.008126+00:00,11352.83864286404,0.01091606274419843,2025-07-13 11:38:27.008126+00:00,10511.913562494907,0.010107490436491978,4.021837985351574,0.07368660440302185,Short,Closed,11
272,Close,0.004807635820253575,2025-07-13 03:33:27.008126+00:00,10699.598624632112,0.010287954722023445,2025-07-13 14:13:27.008126+00:00,9820.929473150698,0.009443090464660674,4.204590241627177,0.08173811715221496,Short,Closed,11
273,Close,0.004807635820253575,2025-07-13 03:33:27.008126+00:00,10522.592169954309,0.010117758207638423,2025-07-13 16:38:27.008126+00:00,10487.795186614532,0.010084299962930211,0.14708916537050912,0.002907544583531632,Short,Closed,11
274,Close,0.004807635820253575,2025-07-13 03:33:27.008126+00:00,10522.59216995431,0.010117758207638425,2025-07-13 17:53:27.008126+00:00,10528.290569852694,0.010123237373932349,-0.04763682705116823,-0.0009416478645477943,Short,Closed,11
275,Close,0.004807635820253575,2025-07-13 03:33:27.008126+00:00,10522.59216995431,0.010117758207638425,2025-07-13 20:08:27.008126+00:00,12624.735104581963,0.012139025742000204,-10.128594455758511,-0.20021420255154748,Short,Closed,11
276,Close,0.004807635820253575,2025-07-13 03:33:27.008126+00:00,10522.59216995431,0.010117758207638425,2025-07-13 21:33:27.008126+00:00,13829.91187950482,0.013297835948571564,-15.923804298821883,-0.31476941773129474,Short,Closed,11
277,Close,0.004807635820253575,2025-07-13 03:33:27.008126+00:00,11782.752411427458,0.011329436510871566,2025-07-14 01:03:27.008126+00:00,13291.79936408011,0.012780426147675047,-7.2790580466759405,-0.12849814798275375,Short,Closed,11
278,Close,0.004807635820253575,2025-07-13 03:33:27.008126+00:00,11782.752411427457,0.011329436510871566,2025-07-14 02:48:27.008126+00:00,13518.287162000577,0.012998200317701606,-8.368146670978767,-0.14772396955398112,Short,Closed,11
279,Close,0.004807635820253575,2025-07-13 03:33:27.008126+00:00,12069.453288836306,0.01160510719245735,2025-07-14 04:58:27.008126+00:00,14098.375337450912,0.013555970855941717,-9.77947939547024,-0.16853751082672183,Short,Closed,11
280,Close,0.004807635820253575,2025-07-13 03:33:27.008126+00:00,12069.453288836306,0.011605107192457349,2025-07-14 05:03:27.008126+00:00,13784.197654098703,0.013253880479060048,-8.268725420685003,-0.14250149151675562,Short,Closed,11
281,Close,0.004807635820253575,2025-07-13 03:33:27.008126+00:00,12069.453288836305,0.011605107192457349,2025-07-14 05:08:27.008126+00:00,14522.153842222906,0.013963445399820787,-11.817259589409476,-0.20365619021752793,Short,Closed,11
282,Close,0.004807635820253575,2025-07-13 03:33:27.008126+00:00,13041.200857950382,0.012539468876760784,2025-07-14 10:03:27.008126+00:00,14187.144498248932,0.013641324815379,-5.5354604867832204,-0.08828859565243644,Short,Closed,11
283,Close,0.004807635820253575,2025-07-13 03:33:27.008126+00:00,13041.200857950382,0.012539468876760782,2025-07-14 11:53:27.008126+00:00,15074.373901525314,0.01449441998737375,-9.801789441928962,-0.1563350017175684,Short,Closed,11
284,Close,0.004807635820253577,2025-07-13 03:33:27.008126+00:00,13041.200857950382,0.012539468876760789,2025-07-14 12:23:27.008126+00:00,16005.14529791496,0.015389381968523809,-14.27749430966041,-0.22772087797308033,Short,Closed,11
285,Close,0.004807635820253575,2025-07-14 14:08:27.008126+00:00,15444.05589380126,0.014849879265007457,2025-07-14 14:58:27.008126+00:00,17154.783274519177,0.016494790111853064,-8.255898903604898,-0.11119146164453012,Short,Closed,12
286,Close,0.004807635820253575,2025-07-14 15:13:27.008126+00:00,19739.753787905527,0.018980309478744163,2025-07-14 17:38:27.008126+00:00,18418.65213361895,0.017710034351675282,-6.388065979174816,-0.06731255869488051,Long,Closed,13
287,Close,0.004807635820253575,2025-07-14 15:13:27.008126+00:00,19739.753787905527,0.018980309478744163,2025-07-14 19:53:27.008126+00:00,17495.793988225847,0.016822681176314348,-10.823944502804126,-0.11405445748843814,Long,Closed,13
288,Close,0.004807635820253575,2025-07-14 21:33:27.008126+00:00,17764.25356946686,0.01708081235612726,2025-07-14 22:58:27.008126+00:00,16747.321692281508,0.016103004732224462,-4.92222193660235,-0.05763451800741364,Long,Closed,14
289,Close,0.004807635820253575,2025-07-14 23:08:27.008126+00:00,16214.547660414913,0.01559072802828391,2025-07-14 23:43:27.008126+00:00,18056.924825155398,0.017362223718608624,-8.89043140337047,-0.11404767483906975,Short,Closed,15
290,Close,0.004807635820253575,2025-07-14 23:48:27.008126+00:00,18165.49116300217,0.017466613201549804,2025-07-15 00:23:27.008126+00:00,15341.423285562167,0.014751195224268194,-13.609307694833864,-0.15583224449747726,Long,Closed,16
291,Close,0.004807635820253575,2025-07-15 01:03:27.008126+00:00,14266.247189744889,0.013717384202001887,2025-07-15 02:43:27.008126+00:00,14833.243545753963,0.014262566600222383,-2.7538919419047025,-0.04015185258867074,Short,Closed,17
292,Close,0.004807635820253575,2025-07-15 03:28:27.008126+00:00,13129.25856020407,0.012624138749481597,2025-07-15 05:28:27.008126+00:00,14360.507184365173,0.013808017747312565,-5.9458271456516405,-0.09419774708822498,Short,Closed,18
293,Close,0.004807635820253575,2025-07-15 05:33:27.008126+00:00,14857.410981790495,0.014285804246456965,2025-07-15 09:58:27.008126+00:00,13985.102584396991,0.013447056026933564,-4.221473957890398,-0.05910026324121541,Long,Closed,19
294,Close,0.004807635820253575,2025-07-15 05:33:27.008126+00:00,14857.410981790495,0.014285804246456965,2025-07-15 14:28:27.008126+00:00,14023.419842101639,0.013483899111068516,-4.0372953802997715,-0.056521779392309186,Long,Closed,19
295,Close,0.004807635820253575,2025-07-15 15:08:27.008126+00:00,15774.251492294186,0.01516737130240839,2025-07-15 15:48:27.008126+00:00,13720.014407241539,0.013192166543729908,-9.904383331238545,-0.13060118505394344,Long,Closed,20
296,Close,0.004807635820253575,2025-07-15 16:13:27.008126+00:00,19147.898857975237,0.01841122488643886,2025-07-15 22:58:27.008126+00:00,19156.702766516297,0.018419690083650905,0.005495071090144535,5.9692618215662944e-05,Long,Closed,21
297,Close,0.004807635820253575,2025-07-15 16:13:27.008126+00:00,19537.180617628717,0.01878552987281514,2025-07-16 03:18:27.008126+00:00,19991.53712386867,0.019222405995728033,2.1463726786959314,0.022851340294659284,Long,Closed,21
298,Close,0.004807635820253575,2025-07-15 16:13:27.008126+00:00,19537.180617628714,0.01878552987281514,2025-07-16 05:28:27.008126+00:00,18536.536293679776,0.017823383173785068,-4.847342408196945,-0.05160719384563773,Long,Closed,21
299,Close,0.004807635820253575,2025-07-15 16:13:27.008126+00:00,19537.180617628717,0.01878552987281514,2025-07-16 06:03:27.008126+00:00,18381.221986412344,0.017674044248381714,-5.593887696288321,-0.059555282540987374,Long,Closed,21
300,Close,0.004807635820253575,2025-07-15 16:13:27.008126+00:00,19537.180617628717,0.01878552987281514,2025-07-16 07:23:27.008126+00:00,18032.118699850504,0.01733837195529312,-7.271913489438194,-0.07742037130356919,Long,Closed,21
301,Close,0.004807635820253575,2025-07-15 16:13:27.008126+00:00,19615.703270167214,0.018861031536224215,2025-07-16 11:18:27.008126+00:00,19771.412014686775,0.01901074972376001,0.7107191564189566,0.007536376311698114,Long,Closed,21
302,Close,0.004807635820253575,2025-07-15 16:13:27.008126+00:00,19615.703270167214,0.018861031536224218,2025-07-16 11:28:27.008126+00:00,19304.645368842233,0.018561940914507642,-1.5328760810336253,-0.016254424664839843,Long,Closed,21
303,Close,0.004807635820253575,2025-07-15 16:13:27.008126+00:00,20795.027023900686,0.019994983360649206,2025-07-16 15:48:27.008126+00:00,21831.217102201746,0.02099130826805552,4.94063824540283,0.04941877826341352,Long,Closed,21
304,Close,0.004807635820253575,2025-07-15 16:13:27.008126+00:00,20795.027023900686,0.019994983360649206,2025-07-16 16:08:27.008126+00:00,21306.325770937772,0.020486610994870463,2.4176565767507365,0.02418263154455797,Long,Closed,21
305,Close,0.004807635820253575,2025-07-15 16:13:27.008126+00:00,21465.81223937877,0.020639961566574997,2025-07-16 18:58:27.008126+00:00,21065.866009937137,0.02025540240280721,-1.9636911828083317,-0.019028050769129286,Long,Closed,21
306,Close,0.033653450741775025,2025-07-15 16:13:27.008126+00:00,21808.387548489238,0.14678549922412445,2025-07-16 20:58:27.008126+00:00,23687.87513017299,0.0,63.10445725074787,0.0859818682149177,Long,Open,21
